basket_id,customer_id,basket_status_id,created_date
1,308,3,2025-04-17 01:13:05
2,180,1,2025-04-29 01:13:05
3,271,2,2025-05-01 01:13:05
4,19,2,2025-05-04 01:13:05
5,880,2,2025-05-15 01:13:05
6,606,2,2025-05-30 01:13:05
7,527,2,2025-04-24 01:13:05
8,740,1,2025-05-17 01:13:05
9,147,2,2025-05-15 01:13:05
10,201,2,2025-05-20 01:13:05
11,855,1,2025-05-10 01:13:05
12,26,2,2025-05-15 01:13:05
13,660,1,2025-06-08 01:13:05
14,347,1,2025-05-16 01:13:05
15,148,1,2025-04-22 01:13:05
16,237,2,2025-06-06 01:13:05
17,837,2,2025-04-20 01:13:05
18,621,2,2025-06-08 01:13:05
19,750,2,2025-04-23 01:13:05
20,924,3,2025-06-05 01:13:05
21,506,2,2025-05-02 01:13:05
22,196,2,2025-05-11 01:13:05
23,997,3,2025-05-21 01:13:05
24,664,2,2025-05-14 01:13:05
25,434,2,2025-05-14 01:13:05
26,214,2,2025-05-12 01:13:05
27,458,2,2025-06-10 01:13:05
28,494,1,2025-04-17 01:13:05
29,704,2,2025-06-08 01:13:05
30,214,2,2025-06-09 01:13:05
31,476,2,2025-05-22 01:13:05
32,181,2,2025-04-24 01:13:05
33,462,2,2025-05-16 01:13:05
34,709,2,2025-05-06 01:13:05
35,102,2,2025-05-24 01:13:05
36,97,2,2025-05-10 01:13:05
37,244,1,2025-06-06 01:13:05
38,821,2,2025-05-31 01:13:05
39,33,2,2025-05-16 01:13:05
40,47,2,2025-04-20 01:13:05
41,87,2,2025-06-01 01:13:05
42,856,1,2025-06-14 01:13:05
43,658,1,2025-06-09 01:13:05
44,266,2,2025-05-21 01:13:05
45,976,2,2025-05-11 01:13:05
46,536,1,2025-05-06 01:13:05
47,40,2,2025-04-24 01:13:05
48,879,3,2025-06-15 01:13:05
49,439,1,2025-04-27 01:13:05
50,949,1,2025-04-18 01:13:05
51,338,2,2025-04-16 01:13:05
52,48,2,2025-04-26 01:13:05
53,955,2,2025-06-06 01:13:05
54,549,1,2025-04-17 01:13:05
55,553,1,2025-06-06 01:13:05
56,683,2,2025-06-01 01:13:05
57,312,3,2025-04-26 01:13:05
58,491,2,2025-04-28 01:13:05
59,995,2,2025-05-23 01:13:05
60,188,2,2025-05-21 01:13:05
61,288,2,2025-04-18 01:13:05
62,172,1,2025-05-07 01:13:05
63,819,2,2025-06-07 01:13:05
64,999,2,2025-05-04 01:13:05
65,110,3,2025-04-21 01:13:05
66,184,2,2025-05-25 01:13:05
67,438,2,2025-06-11 01:13:05
68,470,1,2025-05-30 01:13:05
69,663,1,2025-05-10 01:13:05
70,720,2,2025-05-06 01:13:05
71,107,2,2025-04-19 01:13:05
72,633,2,2025-05-15 01:13:05
73,170,2,2025-04-16 01:13:05
74,737,1,2025-06-15 01:13:05
75,378,1,2025-06-15 01:13:05
76,516,1,2025-05-28 01:13:05
77,821,2,2025-05-19 01:13:05
78,851,2,2025-04-19 01:13:05
79,443,3,2025-06-14 01:13:05
80,548,2,2025-04-18 01:13:05
81,176,2,2025-06-06 01:13:05
82,697,1,2025-06-11 01:13:05
83,357,1,2025-04-21 01:13:05
84,425,2,2025-05-20 01:13:05
85,695,2,2025-06-06 01:13:05
86,258,2,2025-06-06 01:13:05
87,137,2,2025-04-24 01:13:05
88,44,1,2025-05-02 01:13:05
89,486,3,2025-06-15 01:13:05
90,282,2,2025-06-04 01:13:05
91,719,2,2025-05-22 01:13:05
92,133,2,2025-05-28 01:13:05
93,157,2,2025-05-24 01:13:05
94,976,2,2025-06-02 01:13:05
95,818,3,2025-05-26 01:13:05
96,203,2,2025-05-01 01:13:05
97,308,2,2025-04-18 01:13:05
98,655,1,2025-06-03 01:13:05
99,162,3,2025-04-29 01:13:05
100,615,2,2025-06-08 01:13:05
101,458,2,2025-05-20 01:13:05
102,553,2,2025-05-08 01:13:05
103,705,3,2025-04-22 01:13:05
104,382,1,2025-04-28 01:13:05
105,702,2,2025-05-04 01:13:05
106,230,2,2025-05-04 01:13:05
107,82,2,2025-06-05 01:13:05
108,432,2,2025-05-30 01:13:05
109,781,1,2025-05-23 01:13:05
110,580,2,2025-06-08 01:13:05
111,679,2,2025-06-04 01:13:05
112,61,2,2025-06-11 01:13:05
113,852,2,2025-04-19 01:13:05
114,533,1,2025-05-13 01:13:05
115,776,3,2025-06-06 01:13:05
116,758,2,2025-05-09 01:13:05
117,91,2,2025-06-09 01:13:05
118,708,2,2025-04-21 01:13:05
119,422,1,2025-05-30 01:13:05
120,355,2,2025-05-13 01:13:05
121,449,1,2025-06-01 01:13:05
122,608,2,2025-05-30 01:13:05
123,540,2,2025-04-18 01:13:05
124,460,2,2025-05-24 01:13:05
125,284,2,2025-04-28 01:13:05
126,686,2,2025-04-23 01:13:05
127,121,1,2025-05-25 01:13:05
128,796,1,2025-04-27 01:13:05
129,279,2,2025-05-10 01:13:05
130,125,1,2025-04-20 01:13:05
131,577,1,2025-04-26 01:13:05
132,159,2,2025-04-26 01:13:05
133,741,1,2025-05-02 01:13:05
134,63,3,2025-05-17 01:13:05
135,792,2,2025-05-13 01:13:05
136,513,2,2025-04-16 01:13:05
137,385,2,2025-06-01 01:13:05
138,276,3,2025-04-28 01:13:05
139,413,1,2025-05-27 01:13:05
140,410,2,2025-06-03 01:13:05
141,619,2,2025-06-03 01:13:05
142,693,2,2025-05-15 01:13:05
143,334,1,2025-05-09 01:13:05
144,503,2,2025-05-30 01:13:05
145,588,2,2025-06-03 01:13:05
146,971,1,2025-06-14 01:13:05
147,770,2,2025-04-16 01:13:05
148,374,2,2025-05-13 01:13:05
149,173,2,2025-06-12 01:13:05
150,659,2,2025-04-18 01:13:05
151,115,2,2025-06-11 01:13:05
152,507,2,2025-05-05 01:13:05
153,720,1,2025-05-13 01:13:05
154,883,1,2025-04-24 01:13:05
155,27,3,2025-04-22 01:13:05
156,304,2,2025-05-16 01:13:05
157,857,3,2025-05-04 01:13:05
158,90,2,2025-05-27 01:13:05
159,992,2,2025-05-19 01:13:05
160,765,2,2025-04-22 01:13:05
161,688,1,2025-05-08 01:13:05
162,229,1,2025-05-02 01:13:05
163,583,2,2025-05-21 01:13:05
164,488,2,2025-06-02 01:13:05
165,49,2,2025-06-07 01:13:05
166,352,2,2025-05-15 01:13:05
167,809,1,2025-06-08 01:13:05
168,363,1,2025-05-09 01:13:05
169,336,1,2025-06-03 01:13:05
170,522,2,2025-04-17 01:13:05
171,168,2,2025-04-21 01:13:05
172,306,1,2025-05-06 01:13:05
173,397,2,2025-05-27 01:13:05
174,534,3,2025-05-04 01:13:05
175,417,1,2025-05-16 01:13:05
176,637,1,2025-04-19 01:13:05
177,28,1,2025-05-13 01:13:05
178,822,2,2025-05-11 01:13:05
179,508,2,2025-06-12 01:13:05
180,863,2,2025-04-28 01:13:05
181,374,2,2025-05-10 01:13:05
182,578,1,2025-05-20 01:13:05
183,440,3,2025-05-16 01:13:05
184,344,3,2025-04-20 01:13:05
185,38,1,2025-05-09 01:13:05
186,201,1,2025-04-16 01:13:05
187,422,2,2025-06-07 01:13:05
188,618,1,2025-06-10 01:13:05
189,235,3,2025-05-21 01:13:05
190,55,2,2025-05-06 01:13:05
191,573,2,2025-05-15 01:13:05
192,673,1,2025-05-30 01:13:05
193,892,1,2025-06-04 01:13:05
194,376,2,2025-06-13 01:13:05
195,984,1,2025-05-30 01:13:05
196,461,3,2025-05-18 01:13:05
197,239,2,2025-05-01 01:13:05
198,81,1,2025-06-10 01:13:05
199,459,2,2025-04-20 01:13:05
200,469,1,2025-06-02 01:13:05
201,179,2,2025-05-23 01:13:05
202,400,2,2025-06-13 01:13:05
203,111,2,2025-04-21 01:13:05
204,939,2,2025-04-22 01:13:05
205,198,1,2025-05-07 01:13:05
206,514,2,2025-05-11 01:13:05
207,988,1,2025-05-25 01:13:05
208,890,1,2025-05-29 01:13:05
209,480,2,2025-05-19 01:13:05
210,877,2,2025-05-20 01:13:05
211,642,1,2025-06-15 01:13:05
212,869,1,2025-05-11 01:13:05
213,927,1,2025-06-09 01:13:05
214,62,2,2025-06-13 01:13:05
215,227,2,2025-06-08 01:13:05
216,838,2,2025-05-14 01:13:05
217,821,2,2025-06-02 01:13:05
218,25,2,2025-05-21 01:13:05
219,852,2,2025-05-19 01:13:05
220,293,1,2025-05-29 01:13:05
221,892,3,2025-05-08 01:13:05
222,19,2,2025-05-20 01:13:05
223,999,2,2025-06-07 01:13:05
224,447,2,2025-04-30 01:13:05
225,814,1,2025-04-30 01:13:05
226,51,2,2025-04-26 01:13:05
227,424,2,2025-06-12 01:13:05
228,299,2,2025-05-11 01:13:05
229,984,2,2025-04-27 01:13:05
230,948,2,2025-04-18 01:13:05
231,945,2,2025-05-08 01:13:05
232,855,1,2025-05-08 01:13:05
233,84,3,2025-06-02 01:13:05
234,430,2,2025-04-30 01:13:05
235,509,2,2025-04-29 01:13:05
236,394,1,2025-05-17 01:13:05
237,212,2,2025-05-27 01:13:05
238,813,2,2025-05-07 01:13:05
239,797,2,2025-06-05 01:13:05
240,617,2,2025-06-04 01:13:05
241,223,1,2025-04-16 01:13:05
242,88,3,2025-05-20 01:13:05
243,91,1,2025-05-29 01:13:05
244,891,2,2025-04-27 01:13:05
245,316,2,2025-05-04 01:13:05
246,587,2,2025-05-26 01:13:05
247,327,2,2025-05-13 01:13:05
248,34,2,2025-05-08 01:13:05
249,512,2,2025-04-23 01:13:05
250,746,3,2025-04-21 01:13:05
251,8,3,2025-04-21 01:13:05
252,886,1,2025-06-07 01:13:05
253,140,1,2025-06-07 01:13:05
254,947,2,2025-05-05 01:13:05
255,85,2,2025-04-18 01:13:05
256,301,3,2025-06-11 01:13:05
257,317,2,2025-05-02 01:13:05
258,125,2,2025-05-17 01:13:05
259,311,2,2025-05-28 01:13:05
260,407,2,2025-04-17 01:13:05
261,636,2,2025-06-13 01:13:05
262,500,1,2025-05-16 01:13:05
263,273,2,2025-06-12 01:13:05
264,293,1,2025-06-10 01:13:05
265,416,1,2025-06-04 01:13:05
266,845,1,2025-04-25 01:13:05
267,351,3,2025-04-17 01:13:05
268,425,3,2025-06-12 01:13:05
269,406,2,2025-06-03 01:13:05
270,415,2,2025-04-21 01:13:05
271,541,2,2025-05-25 01:13:05
272,628,2,2025-04-30 01:13:05
273,105,2,2025-04-17 01:13:05
274,168,2,2025-06-08 01:13:05
275,438,2,2025-06-09 01:13:05
276,484,1,2025-04-23 01:13:05
277,253,1,2025-06-10 01:13:05
278,137,2,2025-06-13 01:13:05
279,903,2,2025-04-23 01:13:05
280,458,1,2025-06-08 01:13:05
281,210,2,2025-05-13 01:13:05
282,797,1,2025-06-01 01:13:05
283,224,2,2025-05-09 01:13:05
284,195,1,2025-05-13 01:13:05
285,265,3,2025-06-09 01:13:05
286,237,2,2025-04-27 01:13:05
287,92,2,2025-05-22 01:13:05
288,457,2,2025-06-01 01:13:05
289,858,2,2025-05-16 01:13:05
290,605,2,2025-05-03 01:13:05
291,229,2,2025-04-17 01:13:05
292,839,3,2025-05-24 01:13:05
293,82,1,2025-05-28 01:13:05
294,953,3,2025-06-11 01:13:05
295,939,1,2025-05-29 01:13:05
296,56,1,2025-04-19 01:13:05
297,140,1,2025-05-09 01:13:05
298,764,2,2025-04-25 01:13:05
299,634,1,2025-04-16 01:13:05
300,75,1,2025-05-14 01:13:05
301,312,2,2025-05-05 01:13:05
302,820,2,2025-05-11 01:13:05
303,368,2,2025-05-20 01:13:05
304,545,2,2025-05-15 01:13:05
305,252,2,2025-05-25 01:13:05
306,170,2,2025-05-01 01:13:05
307,93,1,2025-05-11 01:13:05
308,353,2,2025-04-26 01:13:05
309,872,2,2025-06-05 01:13:05
310,995,1,2025-06-15 01:13:05
311,875,2,2025-05-18 01:13:05
312,473,2,2025-05-02 01:13:05
313,949,2,2025-05-27 01:13:05
314,198,2,2025-05-09 01:13:05
315,785,2,2025-05-02 01:13:05
316,399,2,2025-05-17 01:13:05
317,822,2,2025-05-23 01:13:05
318,576,1,2025-05-01 01:13:05
319,843,2,2025-04-29 01:13:05
320,709,1,2025-04-16 01:13:05
321,3,2,2025-04-17 01:13:05
322,641,2,2025-05-19 01:13:05
323,561,2,2025-06-07 01:13:05
324,205,2,2025-05-14 01:13:05
325,841,2,2025-05-14 01:13:05
326,704,1,2025-04-20 01:13:05
327,680,1,2025-05-30 01:13:05
328,333,2,2025-06-06 01:13:05
329,742,2,2025-04-17 01:13:05
330,759,2,2025-06-05 01:13:05
331,91,2,2025-04-18 01:13:05
332,146,2,2025-05-08 01:13:05
333,972,1,2025-05-09 01:13:05
334,681,1,2025-05-28 01:13:05
335,430,1,2025-06-07 01:13:05
336,106,2,2025-06-01 01:13:05
337,11,2,2025-05-15 01:13:05
338,806,2,2025-05-17 01:13:05
339,547,2,2025-05-29 01:13:05
340,99,2,2025-05-05 01:13:05
341,980,2,2025-05-12 01:13:05
342,820,2,2025-04-25 01:13:05
343,965,2,2025-06-12 01:13:05
344,464,1,2025-06-14 01:13:05
345,696,1,2025-05-14 01:13:05
346,801,1,2025-06-03 01:13:05
347,299,2,2025-04-17 01:13:05
348,196,1,2025-05-11 01:13:05
349,861,2,2025-04-21 01:13:05
350,549,3,2025-05-04 01:13:05
351,208,2,2025-05-02 01:13:05
352,439,2,2025-04-24 01:13:05
353,285,2,2025-05-23 01:13:05
354,221,1,2025-05-05 01:13:05
355,626,1,2025-06-12 01:13:05
356,127,2,2025-04-26 01:13:05
357,455,2,2025-06-05 01:13:05
358,827,2,2025-05-07 01:13:05
359,573,1,2025-06-13 01:13:05
360,940,1,2025-04-17 01:13:05
361,777,1,2025-06-12 01:13:05
362,510,2,2025-05-18 01:13:05
363,656,3,2025-04-24 01:13:05
364,390,2,2025-05-26 01:13:05
365,388,2,2025-04-17 01:13:05
366,925,2,2025-05-20 01:13:05
367,296,2,2025-06-08 01:13:05
368,909,1,2025-05-18 01:13:05
369,59,2,2025-06-14 01:13:05
370,781,1,2025-05-17 01:13:05
371,717,2,2025-06-07 01:13:05
372,965,2,2025-05-22 01:13:05
373,496,1,2025-06-03 01:13:05
374,158,2,2025-05-07 01:13:05
375,876,2,2025-05-13 01:13:05
376,83,3,2025-06-06 01:13:05
377,290,1,2025-06-04 01:13:05
378,630,2,2025-04-27 01:13:05
379,484,2,2025-06-02 01:13:05
380,738,3,2025-06-07 01:13:05
381,69,2,2025-06-11 01:13:05
382,268,1,2025-05-02 01:13:05
383,198,1,2025-06-14 01:13:05
384,840,3,2025-05-23 01:13:05
385,879,2,2025-06-08 01:13:05
386,442,2,2025-05-30 01:13:05
387,391,2,2025-05-26 01:13:05
388,969,1,2025-05-23 01:13:05
389,727,1,2025-06-06 01:13:05
390,264,2,2025-05-24 01:13:05
391,508,2,2025-05-30 01:13:05
392,848,2,2025-05-25 01:13:05
393,555,1,2025-05-28 01:13:05
394,193,2,2025-06-03 01:13:05
395,993,1,2025-04-24 01:13:05
396,110,2,2025-05-21 01:13:05
397,147,2,2025-05-06 01:13:05
398,220,3,2025-04-28 01:13:05
399,377,2,2025-05-03 01:13:05
400,294,2,2025-05-16 01:13:05
401,151,2,2025-06-06 01:13:05
402,816,2,2025-05-24 01:13:05
403,635,1,2025-04-27 01:13:05
404,412,2,2025-05-13 01:13:05
405,430,1,2025-04-29 01:13:05
406,376,2,2025-05-16 01:13:05
407,323,1,2025-06-14 01:13:05
408,649,2,2025-06-05 01:13:05
409,371,1,2025-06-10 01:13:05
410,840,2,2025-06-01 01:13:05
411,741,2,2025-04-18 01:13:05
412,497,3,2025-04-21 01:13:05
413,888,2,2025-06-01 01:13:05
414,62,2,2025-06-02 01:13:05
415,25,1,2025-04-24 01:13:05
416,989,1,2025-06-05 01:13:05
417,312,1,2025-05-15 01:13:05
418,414,1,2025-06-04 01:13:05
419,362,2,2025-05-08 01:13:05
420,409,1,2025-05-15 01:13:05
421,633,3,2025-05-12 01:13:05
422,148,2,2025-05-31 01:13:05
423,419,2,2025-05-29 01:13:05
424,928,2,2025-06-11 01:13:05
425,13,2,2025-04-21 01:13:05
426,69,2,2025-04-27 01:13:05
427,719,3,2025-06-05 01:13:05
428,651,3,2025-05-09 01:13:05
429,73,1,2025-04-25 01:13:05
430,143,2,2025-04-20 01:13:05
431,336,2,2025-05-09 01:13:05
432,582,1,2025-05-08 01:13:05
433,91,1,2025-05-15 01:13:05
434,613,2,2025-05-12 01:13:05
435,416,1,2025-05-27 01:13:05
436,311,2,2025-05-13 01:13:05
437,733,3,2025-04-22 01:13:05
438,643,2,2025-05-23 01:13:05
439,31,2,2025-05-19 01:13:05
440,42,2,2025-04-21 01:13:05
441,909,2,2025-06-10 01:13:05
442,834,2,2025-04-25 01:13:05
443,757,2,2025-05-21 01:13:05
444,618,2,2025-04-21 01:13:05
445,907,2,2025-05-11 01:13:05
446,385,2,2025-06-06 01:13:05
447,326,2,2025-05-21 01:13:05
448,209,2,2025-04-19 01:13:05
449,103,2,2025-06-03 01:13:05
450,195,2,2025-04-24 01:13:05
451,348,2,2025-04-16 01:13:05
452,259,2,2025-06-13 01:13:05
453,420,2,2025-05-08 01:13:05
454,144,3,2025-05-23 01:13:05
455,378,2,2025-06-13 01:13:05
456,594,2,2025-06-15 01:13:05
457,686,2,2025-05-16 01:13:05
458,788,2,2025-06-06 01:13:05
459,599,2,2025-04-24 01:13:05
460,91,2,2025-04-22 01:13:05
461,738,1,2025-05-05 01:13:05
462,245,2,2025-04-20 01:13:05
463,72,2,2025-04-26 01:13:05
464,711,2,2025-06-10 01:13:05
465,642,2,2025-05-24 01:13:05
466,519,2,2025-05-20 01:13:05
467,647,2,2025-05-14 01:13:05
468,380,2,2025-05-26 01:13:05
469,525,2,2025-05-01 01:13:05
470,200,1,2025-04-18 01:13:05
471,902,2,2025-04-30 01:13:05
472,165,3,2025-05-25 01:13:05
473,299,2,2025-05-16 01:13:05
474,848,2,2025-04-17 01:13:05
475,922,2,2025-05-27 01:13:05
476,81,2,2025-05-14 01:13:05
477,191,1,2025-05-25 01:13:05
478,669,2,2025-05-17 01:13:05
479,45,2,2025-04-25 01:13:05
480,817,2,2025-04-25 01:13:05
481,28,1,2025-05-21 01:13:05
482,220,2,2025-05-14 01:13:05
483,948,2,2025-05-09 01:13:05
484,117,2,2025-06-15 01:13:05
485,539,2,2025-06-11 01:13:05
486,772,2,2025-05-04 01:13:05
487,734,2,2025-06-12 01:13:05
488,911,2,2025-05-31 01:13:05
489,730,1,2025-06-15 01:13:05
490,751,2,2025-04-28 01:13:05
491,623,2,2025-06-04 01:13:05
492,434,1,2025-06-08 01:13:05
493,337,2,2025-06-10 01:13:05
494,18,2,2025-05-19 01:13:05
495,292,3,2025-04-25 01:13:05
496,231,2,2025-05-23 01:13:05
497,735,2,2025-04-19 01:13:05
498,932,3,2025-05-08 01:13:05
499,310,2,2025-05-24 01:13:05
500,205,2,2025-04-29 01:13:05
501,287,3,2025-05-18 01:13:05
502,212,3,2025-05-11 01:13:05
503,152,2,2025-05-18 01:13:05
504,709,2,2025-06-12 01:13:05
505,770,1,2025-05-31 01:13:05
506,343,2,2025-05-14 01:13:05
507,621,3,2025-05-16 01:13:05
508,863,2,2025-05-23 01:13:05
509,945,2,2025-06-11 01:13:05
510,950,2,2025-06-10 01:13:05
511,679,1,2025-06-02 01:13:05
512,837,1,2025-06-03 01:13:05
513,673,2,2025-04-17 01:13:05
514,678,1,2025-05-28 01:13:05
515,224,1,2025-06-02 01:13:05
516,85,1,2025-05-12 01:13:05
517,346,2,2025-06-01 01:13:05
518,77,2,2025-05-20 01:13:05
519,831,2,2025-04-24 01:13:05
520,38,1,2025-04-29 01:13:05
521,643,2,2025-05-09 01:13:05
522,481,2,2025-06-01 01:13:05
523,488,2,2025-05-10 01:13:05
524,60,1,2025-05-17 01:13:05
525,756,2,2025-04-30 01:13:05
526,172,2,2025-04-24 01:13:05
527,167,1,2025-04-28 01:13:05
528,547,2,2025-05-22 01:13:05
529,362,2,2025-05-11 01:13:05
530,16,2,2025-04-20 01:13:05
531,758,1,2025-05-27 01:13:05
532,879,2,2025-05-24 01:13:05
533,414,1,2025-05-12 01:13:05
534,352,1,2025-05-06 01:13:05
535,180,2,2025-05-06 01:13:05
536,49,2,2025-05-20 01:13:05
537,712,1,2025-06-03 01:13:05
538,865,2,2025-06-05 01:13:05
539,718,2,2025-04-29 01:13:05
540,531,2,2025-06-10 01:13:05
541,244,2,2025-04-27 01:13:05
542,92,1,2025-05-16 01:13:05
543,603,2,2025-06-07 01:13:05
544,384,3,2025-05-19 01:13:05
545,960,2,2025-04-17 01:13:05
546,593,3,2025-06-05 01:13:05
547,749,2,2025-05-12 01:13:05
548,947,1,2025-04-21 01:13:05
549,59,1,2025-06-05 01:13:05
550,443,2,2025-05-15 01:13:05
551,958,2,2025-06-14 01:13:05
552,840,3,2025-06-10 01:13:05
553,724,3,2025-05-20 01:13:05
554,219,1,2025-05-12 01:13:05
555,301,2,2025-05-02 01:13:05
556,885,2,2025-06-02 01:13:05
557,588,2,2025-04-30 01:13:05
558,625,1,2025-05-23 01:13:05
559,699,2,2025-05-10 01:13:05
560,129,1,2025-05-05 01:13:05
561,173,2,2025-04-17 01:13:05
562,97,2,2025-06-05 01:13:05
563,192,1,2025-04-21 01:13:05
564,575,3,2025-04-23 01:13:05
565,367,2,2025-05-13 01:13:05
566,559,2,2025-04-20 01:13:05
567,402,3,2025-05-16 01:13:05
568,422,2,2025-05-15 01:13:05
569,290,1,2025-06-14 01:13:05
570,328,1,2025-05-04 01:13:05
571,897,2,2025-05-25 01:13:05
572,742,2,2025-05-17 01:13:05
573,614,2,2025-06-11 01:13:05
574,530,2,2025-05-24 01:13:05
575,491,1,2025-05-14 01:13:05
576,188,1,2025-05-05 01:13:05
577,500,1,2025-04-20 01:13:05
578,373,2,2025-05-31 01:13:05
579,561,2,2025-05-31 01:13:05
580,256,1,2025-04-30 01:13:05
581,301,1,2025-06-05 01:13:05
582,422,1,2025-05-01 01:13:05
583,236,2,2025-05-20 01:13:05
584,563,2,2025-05-17 01:13:05
585,991,1,2025-05-15 01:13:05
586,100,2,2025-05-03 01:13:05
587,889,2,2025-05-14 01:13:05
588,839,2,2025-05-29 01:13:05
589,655,2,2025-05-06 01:13:05
590,217,2,2025-05-29 01:13:05
591,764,1,2025-05-28 01:13:05
592,914,1,2025-05-15 01:13:05
593,920,2,2025-05-03 01:13:05
594,89,3,2025-05-25 01:13:05
595,59,2,2025-05-03 01:13:05
596,229,3,2025-05-13 01:13:05
597,471,2,2025-05-17 01:13:05
598,36,2,2025-04-24 01:13:05
599,966,2,2025-06-03 01:13:05
600,654,1,2025-05-01 01:13:05
601,93,2,2025-06-06 01:13:05
602,296,1,2025-05-19 01:13:05
603,983,2,2025-06-03 01:13:05
604,325,2,2025-05-31 01:13:05
605,931,3,2025-05-10 01:13:05
606,265,3,2025-05-24 01:13:05
607,360,1,2025-05-07 01:13:05
608,714,1,2025-05-12 01:13:05
609,271,2,2025-04-19 01:13:05
610,113,2,2025-04-16 01:13:05
611,204,2,2025-05-12 01:13:05
612,297,2,2025-05-12 01:13:05
613,135,3,2025-06-01 01:13:05
614,191,1,2025-06-09 01:13:05
615,865,2,2025-05-21 01:13:05
616,787,1,2025-05-07 01:13:05
617,910,2,2025-05-06 01:13:05
618,600,2,2025-05-28 01:13:05
619,706,2,2025-06-09 01:13:05
620,980,2,2025-04-24 01:13:05
621,397,3,2025-06-10 01:13:05
622,602,1,2025-05-19 01:13:05
623,63,2,2025-06-12 01:13:05
624,773,2,2025-06-13 01:13:05
625,177,2,2025-05-21 01:13:05
626,422,1,2025-04-27 01:13:05
627,487,2,2025-05-20 01:13:05
628,484,2,2025-05-31 01:13:05
629,379,1,2025-06-12 01:13:05
630,21,3,2025-05-20 01:13:05
631,593,2,2025-04-19 01:13:05
632,353,2,2025-05-05 01:13:05
633,334,1,2025-04-25 01:13:05
634,643,1,2025-05-11 01:13:05
635,182,1,2025-05-30 01:13:05
636,72,2,2025-05-02 01:13:05
637,749,1,2025-04-20 01:13:05
638,899,2,2025-04-28 01:13:05
639,857,1,2025-06-06 01:13:05
640,11,1,2025-05-20 01:13:05
641,290,2,2025-05-01 01:13:05
642,104,2,2025-04-18 01:13:05
643,22,3,2025-04-30 01:13:05
644,694,2,2025-05-14 01:13:05
645,891,1,2025-06-10 01:13:05
646,201,3,2025-04-21 01:13:05
647,12,2,2025-04-19 01:13:05
648,759,2,2025-05-04 01:13:05
649,606,2,2025-05-09 01:13:05
650,429,2,2025-05-03 01:13:05
651,839,2,2025-05-10 01:13:05
652,100,3,2025-05-12 01:13:05
653,387,2,2025-06-12 01:13:05
654,653,1,2025-05-31 01:13:05
655,29,2,2025-04-22 01:13:05
656,873,1,2025-04-20 01:13:05
657,380,2,2025-05-12 01:13:05
658,228,1,2025-06-08 01:13:05
659,175,1,2025-04-18 01:13:05
660,402,2,2025-05-04 01:13:05
661,982,2,2025-06-09 01:13:05
662,522,1,2025-05-17 01:13:05
663,857,2,2025-06-09 01:13:05
664,544,2,2025-05-23 01:13:05
665,654,2,2025-06-13 01:13:05
666,706,2,2025-05-27 01:13:05
667,231,3,2025-05-21 01:13:05
668,682,2,2025-05-27 01:13:05
669,379,1,2025-06-04 01:13:05
670,742,1,2025-06-15 01:13:05
671,988,1,2025-05-03 01:13:05
672,295,2,2025-05-25 01:13:05
673,109,2,2025-06-06 01:13:05
674,984,2,2025-04-28 01:13:05
675,216,1,2025-05-24 01:13:05
676,687,2,2025-05-05 01:13:05
677,411,3,2025-05-18 01:13:05
678,66,2,2025-06-15 01:13:05
679,331,2,2025-04-29 01:13:05
680,322,2,2025-05-30 01:13:05
681,912,1,2025-05-09 01:13:05
682,395,1,2025-05-31 01:13:05
683,719,2,2025-05-09 01:13:05
684,449,2,2025-04-20 01:13:05
685,450,2,2025-05-03 01:13:05
686,795,2,2025-06-14 01:13:05
687,188,1,2025-05-29 01:13:05
688,573,2,2025-06-08 01:13:05
689,983,1,2025-06-03 01:13:05
690,972,3,2025-06-06 01:13:05
691,665,3,2025-06-11 01:13:05
692,247,2,2025-05-29 01:13:05
693,811,2,2025-05-05 01:13:05
694,735,3,2025-05-14 01:13:05
695,216,2,2025-05-31 01:13:05
696,417,2,2025-04-27 01:13:05
697,618,1,2025-05-19 01:13:05
698,134,2,2025-05-22 01:13:05
699,375,3,2025-05-07 01:13:05
700,359,2,2025-06-14 01:13:05
701,265,1,2025-05-13 01:13:05
702,650,3,2025-04-16 01:13:05
703,216,1,2025-05-10 01:13:05
704,357,2,2025-05-12 01:13:05
705,673,2,2025-04-29 01:13:05
706,325,1,2025-05-06 01:13:05
707,467,1,2025-05-19 01:13:05
708,595,2,2025-05-09 01:13:05
709,163,2,2025-05-15 01:13:05
710,840,2,2025-05-24 01:13:05
711,777,2,2025-05-26 01:13:05
712,981,2,2025-05-04 01:13:05
713,803,1,2025-04-24 01:13:05
714,755,2,2025-04-23 01:13:05
715,911,2,2025-05-06 01:13:05
716,108,1,2025-04-22 01:13:05
717,617,2,2025-05-07 01:13:05
718,428,2,2025-06-01 01:13:05
719,304,3,2025-05-15 01:13:05
720,642,1,2025-05-05 01:13:05
721,805,2,2025-05-11 01:13:05
722,884,2,2025-05-03 01:13:05
723,701,1,2025-06-14 01:13:05
724,654,1,2025-05-21 01:13:05
725,684,2,2025-06-05 01:13:05
726,658,3,2025-04-20 01:13:05
727,500,2,2025-06-12 01:13:05
728,606,3,2025-05-13 01:13:05
729,476,2,2025-06-06 01:13:05
730,264,1,2025-06-08 01:13:05
731,742,2,2025-05-27 01:13:05
732,96,2,2025-04-24 01:13:05
733,367,1,2025-05-25 01:13:05
734,789,1,2025-06-15 01:13:05
735,661,1,2025-05-30 01:13:05
736,562,2,2025-05-11 01:13:05
737,493,2,2025-05-23 01:13:05
738,162,2,2025-05-17 01:13:05
739,91,1,2025-05-11 01:13:05
740,769,2,2025-05-27 01:13:05
741,810,1,2025-04-16 01:13:05
742,976,2,2025-06-10 01:13:05
743,467,3,2025-05-16 01:13:05
744,399,2,2025-05-15 01:13:05
745,152,2,2025-05-24 01:13:05
746,576,2,2025-05-06 01:13:05
747,521,1,2025-04-19 01:13:05
748,205,1,2025-05-21 01:13:05
749,114,3,2025-05-09 01:13:05
750,898,2,2025-04-16 01:13:05
751,957,3,2025-05-17 01:13:05
752,795,2,2025-04-16 01:13:05
753,65,2,2025-04-26 01:13:05
754,916,2,2025-06-02 01:13:05
755,87,3,2025-05-16 01:13:05
756,656,3,2025-06-12 01:13:05
757,678,2,2025-05-23 01:13:05
758,817,2,2025-06-10 01:13:05
759,716,2,2025-06-15 01:13:05
760,167,2,2025-05-18 01:13:05
761,42,1,2025-04-25 01:13:05
762,991,2,2025-05-31 01:13:05
763,312,3,2025-05-13 01:13:05
764,595,2,2025-05-27 01:13:05
765,240,1,2025-04-22 01:13:05
766,550,2,2025-05-31 01:13:05
767,472,1,2025-05-24 01:13:05
768,680,2,2025-05-05 01:13:05
769,51,2,2025-05-27 01:13:05
770,118,2,2025-05-31 01:13:05
771,763,3,2025-04-29 01:13:05
772,63,2,2025-06-03 01:13:05
773,995,2,2025-05-06 01:13:05
774,323,2,2025-04-28 01:13:05
775,954,2,2025-06-04 01:13:05
776,708,1,2025-04-17 01:13:05
777,888,2,2025-04-23 01:13:05
778,587,1,2025-04-23 01:13:05
779,49,2,2025-05-24 01:13:05
780,298,3,2025-06-05 01:13:05
781,476,2,2025-05-02 01:13:05
782,609,2,2025-05-23 01:13:05
783,204,2,2025-04-17 01:13:05
784,60,1,2025-04-24 01:13:05
785,162,3,2025-06-07 01:13:05
786,984,1,2025-06-05 01:13:05
787,476,2,2025-06-03 01:13:05
788,798,2,2025-04-26 01:13:05
789,615,3,2025-05-17 01:13:05
790,368,1,2025-05-31 01:13:05
791,470,3,2025-05-06 01:13:05
792,362,2,2025-05-09 01:13:05
793,807,2,2025-04-17 01:13:05
794,234,2,2025-05-06 01:13:05
795,40,2,2025-05-16 01:13:05
796,718,2,2025-06-03 01:13:05
797,986,2,2025-04-19 01:13:05
798,700,1,2025-05-08 01:13:05
799,248,2,2025-04-22 01:13:05
800,213,2,2025-05-22 01:13:05
801,376,1,2025-05-30 01:13:05
802,949,2,2025-05-10 01:13:05
803,778,2,2025-05-01 01:13:05
804,393,2,2025-05-20 01:13:05
805,745,2,2025-05-17 01:13:05
806,956,2,2025-05-23 01:13:05
807,321,2,2025-05-27 01:13:05
808,954,2,2025-06-15 01:13:05
809,763,3,2025-05-29 01:13:05
810,352,2,2025-06-06 01:13:05
811,963,3,2025-04-27 01:13:05
812,335,2,2025-06-04 01:13:05
813,500,2,2025-04-26 01:13:05
814,327,3,2025-06-07 01:13:05
815,668,1,2025-04-16 01:13:05
816,508,3,2025-05-01 01:13:05
817,859,3,2025-05-09 01:13:05
818,177,1,2025-06-14 01:13:05
819,807,2,2025-05-22 01:13:05
820,581,1,2025-05-17 01:13:05
821,759,3,2025-05-01 01:13:05
822,584,2,2025-06-11 01:13:05
823,327,2,2025-05-06 01:13:05
824,47,2,2025-05-30 01:13:05
825,195,2,2025-05-31 01:13:05
826,142,2,2025-05-01 01:13:05
827,73,2,2025-06-08 01:13:05
828,399,1,2025-05-02 01:13:05
829,483,1,2025-06-03 01:13:05
830,156,2,2025-05-26 01:13:05
831,339,2,2025-05-13 01:13:05
832,750,1,2025-06-15 01:13:05
833,416,2,2025-04-21 01:13:05
834,497,2,2025-04-26 01:13:05
835,405,2,2025-05-31 01:13:05
836,235,1,2025-05-11 01:13:05
837,135,2,2025-04-28 01:13:05
838,517,2,2025-05-18 01:13:05
839,867,1,2025-05-12 01:13:05
840,237,1,2025-04-21 01:13:05
841,79,2,2025-06-04 01:13:05
842,633,1,2025-05-12 01:13:05
843,751,1,2025-06-04 01:13:05
844,858,2,2025-06-04 01:13:05
845,934,1,2025-04-21 01:13:05
846,131,1,2025-06-07 01:13:05
847,416,2,2025-04-18 01:13:05
848,99,1,2025-05-08 01:13:05
849,134,2,2025-05-28 01:13:05
850,181,2,2025-05-28 01:13:05
851,675,2,2025-05-03 01:13:05
852,261,2,2025-04-21 01:13:05
853,565,3,2025-05-22 01:13:05
854,201,2,2025-06-13 01:13:05
855,445,1,2025-06-15 01:13:05
856,928,1,2025-05-17 01:13:05
857,67,2,2025-05-17 01:13:05
858,338,2,2025-06-05 01:13:05
859,630,2,2025-05-08 01:13:05
860,761,3,2025-04-19 01:13:05
861,871,1,2025-05-08 01:13:05
862,266,2,2025-05-17 01:13:05
863,631,2,2025-06-08 01:13:05
864,268,3,2025-04-21 01:13:05
865,292,2,2025-05-11 01:13:05
866,180,3,2025-04-18 01:13:05
867,339,2,2025-04-28 01:13:05
868,735,2,2025-05-08 01:13:05
869,359,2,2025-04-16 01:13:05
870,766,1,2025-04-26 01:13:05
871,152,1,2025-06-09 01:13:05
872,195,2,2025-05-27 01:13:05
873,51,2,2025-06-14 01:13:05
874,456,1,2025-04-21 01:13:05
875,760,2,2025-06-10 01:13:05
876,161,1,2025-05-08 01:13:05
877,380,2,2025-04-21 01:13:05
878,297,2,2025-04-16 01:13:05
879,173,2,2025-05-04 01:13:05
880,237,1,2025-05-26 01:13:05
881,61,3,2025-05-25 01:13:05
882,863,2,2025-06-10 01:13:05
883,359,1,2025-05-27 01:13:05
884,545,2,2025-05-10 01:13:05
885,357,3,2025-05-27 01:13:05
886,870,2,2025-05-29 01:13:05
887,331,1,2025-05-23 01:13:05
888,464,2,2025-05-23 01:13:05
889,844,2,2025-05-23 01:13:05
890,41,2,2025-05-14 01:13:05
891,53,1,2025-05-11 01:13:05
892,255,3,2025-04-23 01:13:05
893,690,2,2025-04-17 01:13:05
894,696,2,2025-06-11 01:13:05
895,240,1,2025-05-12 01:13:05
896,820,2,2025-04-20 01:13:05
897,362,2,2025-05-10 01:13:05
898,980,2,2025-06-15 01:13:05
899,167,1,2025-06-13 01:13:05
900,598,1,2025-06-03 01:13:05
901,332,2,2025-05-02 01:13:05
902,891,3,2025-05-02 01:13:05
903,233,2,2025-04-28 01:13:05
904,118,2,2025-06-10 01:13:05
905,646,1,2025-05-08 01:13:05
906,200,2,2025-05-30 01:13:05
907,755,1,2025-05-27 01:13:05
908,263,2,2025-06-05 01:13:05
909,165,1,2025-05-22 01:13:05
910,583,2,2025-04-21 01:13:05
911,437,2,2025-04-17 01:13:05
912,532,2,2025-04-20 01:13:05
913,799,3,2025-04-18 01:13:05
914,307,2,2025-05-18 01:13:05
915,658,1,2025-05-06 01:13:05
916,268,2,2025-05-21 01:13:05
917,924,1,2025-05-05 01:13:05
918,258,2,2025-04-22 01:13:05
919,547,2,2025-04-30 01:13:05
920,912,1,2025-06-13 01:13:05
921,805,2,2025-05-09 01:13:05
922,59,1,2025-05-11 01:13:05
923,442,1,2025-05-11 01:13:05
924,55,2,2025-04-20 01:13:05
925,897,2,2025-05-28 01:13:05
926,757,1,2025-04-29 01:13:05
927,735,1,2025-05-24 01:13:05
928,590,2,2025-04-19 01:13:05
929,926,1,2025-05-23 01:13:05
930,412,2,2025-05-08 01:13:05
931,246,3,2025-04-16 01:13:05
932,327,1,2025-06-15 01:13:05
933,482,2,2025-04-18 01:13:05
934,507,2,2025-05-18 01:13:05
935,377,2,2025-04-22 01:13:05
936,801,3,2025-05-07 01:13:05
937,725,2,2025-05-28 01:13:05
938,559,2,2025-05-24 01:13:05
939,616,2,2025-05-20 01:13:05
940,391,2,2025-05-16 01:13:05
941,936,2,2025-05-10 01:13:05
942,213,2,2025-04-17 01:13:05
943,377,1,2025-05-03 01:13:05
944,408,2,2025-06-09 01:13:05
945,971,1,2025-06-15 01:13:05
946,361,2,2025-04-22 01:13:05
947,726,2,2025-05-25 01:13:05
948,154,1,2025-05-14 01:13:05
949,870,3,2025-05-19 01:13:05
950,886,2,2025-04-24 01:13:05
951,952,3,2025-05-11 01:13:05
952,721,3,2025-05-18 01:13:05
953,409,2,2025-04-18 01:13:05
954,964,2,2025-04-27 01:13:05
955,638,2,2025-04-19 01:13:05
956,830,1,2025-04-28 01:13:05
957,436,3,2025-05-23 01:13:05
958,781,2,2025-04-29 01:13:05
959,522,2,2025-04-27 01:13:05
960,343,3,2025-05-01 01:13:05
961,354,2,2025-04-21 01:13:05
962,374,2,2025-04-17 01:13:05
963,947,1,2025-05-29 01:13:05
964,901,1,2025-05-03 01:13:05
965,177,2,2025-05-19 01:13:05
966,372,2,2025-05-17 01:13:05
967,503,2,2025-05-30 01:13:05
968,53,2,2025-05-25 01:13:05
969,891,2,2025-05-23 01:13:05
970,398,3,2025-06-05 01:13:05
971,352,2,2025-05-19 01:13:05
972,337,2,2025-04-23 01:13:05
973,718,1,2025-05-18 01:13:05
974,756,2,2025-04-20 01:13:05
975,237,2,2025-05-28 01:13:05
976,917,1,2025-04-19 01:13:05
977,836,2,2025-06-01 01:13:05
978,930,2,2025-06-12 01:13:05
979,708,1,2025-05-12 01:13:05
980,196,2,2025-06-11 01:13:05
981,393,2,2025-05-03 01:13:05
982,188,1,2025-05-16 01:13:05
983,212,3,2025-06-13 01:13:05
984,795,1,2025-06-01 01:13:05
985,997,2,2025-05-20 01:13:05
986,58,2,2025-05-04 01:13:05
987,78,2,2025-05-27 01:13:05
988,718,2,2025-06-03 01:13:05
989,556,1,2025-05-14 01:13:05
990,412,2,2025-05-24 01:13:05
991,716,2,2025-05-16 01:13:05
992,448,1,2025-04-25 01:13:05
993,405,2,2025-05-12 01:13:05
994,326,1,2025-04-21 01:13:05
995,543,2,2025-05-17 01:13:05
996,1000,2,2025-04-23 01:13:05
997,626,2,2025-06-14 01:13:05
998,380,2,2025-05-31 01:13:05
999,70,1,2025-05-14 01:13:05
1000,678,2,2025-05-31 01:13:05
1001,892,2,2025-05-06 01:13:05
1002,789,2,2025-05-06 01:13:05
1003,335,2,2025-06-13 01:13:05
1004,926,2,2025-04-29 01:13:05
1005,295,1,2025-04-18 01:13:05
1006,320,1,2025-05-14 01:13:05
1007,785,1,2025-05-20 01:13:05
1008,425,2,2025-04-30 01:13:05
1009,386,2,2025-05-28 01:13:05
1010,572,1,2025-05-11 01:13:05
1011,201,2,2025-05-07 01:13:05
1012,653,2,2025-06-06 01:13:05
1013,923,3,2025-05-15 01:13:05
1014,958,2,2025-05-20 01:13:05
1015,644,3,2025-05-29 01:13:05
1016,420,1,2025-05-11 01:13:05
1017,908,2,2025-05-21 01:13:05
1018,325,3,2025-04-27 01:13:05
1019,647,2,2025-04-26 01:13:05
1020,15,3,2025-05-17 01:13:05
1021,261,3,2025-06-05 01:13:05
1022,446,2,2025-04-19 01:13:05
1023,879,2,2025-06-11 01:13:05
1024,911,2,2025-06-07 01:13:05
1025,107,1,2025-06-09 01:13:05
1026,376,2,2025-04-17 01:13:05
1027,549,2,2025-06-11 01:13:05
1028,827,2,2025-06-14 01:13:05
1029,232,2,2025-05-23 01:13:05
1030,725,1,2025-05-14 01:13:05
1031,259,1,2025-04-26 01:13:05
1032,412,2,2025-06-08 01:13:05
1033,903,1,2025-06-03 01:13:05
1034,480,2,2025-05-17 01:13:05
1035,453,2,2025-06-05 01:13:05
1036,987,1,2025-05-28 01:13:05
1037,313,2,2025-04-25 01:13:05
1038,21,2,2025-05-10 01:13:05
1039,410,2,2025-05-24 01:13:05
1040,836,2,2025-04-30 01:13:05
1041,258,2,2025-06-13 01:13:05
1042,62,2,2025-05-19 01:13:05
1043,372,3,2025-06-08 01:13:05
1044,571,1,2025-05-11 01:13:05
1045,220,2,2025-05-20 01:13:05
1046,72,2,2025-04-22 01:13:05
1047,12,2,2025-05-19 01:13:05
1048,394,3,2025-05-01 01:13:05
1049,561,3,2025-05-22 01:13:05
1050,665,2,2025-04-28 01:13:05
1051,774,2,2025-05-29 01:13:05
1052,713,2,2025-05-17 01:13:05
1053,453,2,2025-05-05 01:13:05
1054,417,2,2025-05-14 01:13:05
1055,572,2,2025-06-02 01:13:05
1056,465,2,2025-05-28 01:13:05
1057,121,1,2025-06-15 01:13:05
1058,944,3,2025-04-20 01:13:05
1059,621,3,2025-04-19 01:13:05
1060,870,1,2025-05-23 01:13:05
1061,634,3,2025-06-05 01:13:05
1062,409,1,2025-06-06 01:13:05
1063,513,2,2025-05-07 01:13:05
1064,186,3,2025-04-19 01:13:05
1065,484,2,2025-06-11 01:13:05
1066,649,2,2025-06-02 01:13:05
1067,417,2,2025-05-05 01:13:05
1068,639,2,2025-05-04 01:13:05
1069,180,2,2025-06-11 01:13:05
1070,644,2,2025-04-24 01:13:05
1071,99,2,2025-05-25 01:13:05
1072,742,2,2025-05-31 01:13:05
1073,737,2,2025-05-16 01:13:05
1074,558,2,2025-04-23 01:13:05
1075,174,2,2025-06-06 01:13:05
1076,19,3,2025-05-16 01:13:05
1077,566,2,2025-05-31 01:13:05
1078,453,1,2025-05-31 01:13:05
1079,842,2,2025-05-09 01:13:05
1080,466,2,2025-05-06 01:13:05
1081,99,2,2025-04-27 01:13:05
1082,352,3,2025-04-28 01:13:05
1083,181,2,2025-06-11 01:13:05
1084,115,2,2025-05-10 01:13:05
1085,713,2,2025-05-02 01:13:05
1086,272,2,2025-06-03 01:13:05
1087,553,3,2025-05-11 01:13:05
1088,737,2,2025-04-19 01:13:05
1089,778,1,2025-05-26 01:13:05
1090,908,2,2025-04-29 01:13:05
1091,378,2,2025-05-21 01:13:05
1092,920,2,2025-04-29 01:13:05
1093,218,1,2025-06-10 01:13:05
1094,926,2,2025-06-08 01:13:05
1095,81,2,2025-06-01 01:13:05
1096,803,2,2025-06-04 01:13:05
1097,760,3,2025-06-08 01:13:05
1098,523,2,2025-06-03 01:13:05
1099,12,2,2025-05-20 01:13:05
1100,786,2,2025-04-29 01:13:05
1101,821,2,2025-06-02 01:13:05
1102,740,2,2025-05-10 01:13:05
1103,570,2,2025-05-13 01:13:05
1104,182,1,2025-05-06 01:13:05
1105,196,3,2025-05-30 01:13:05
1106,113,1,2025-05-11 01:13:05
1107,345,3,2025-05-01 01:13:05
1108,104,2,2025-05-14 01:13:05
1109,114,2,2025-05-10 01:13:05
1110,659,1,2025-04-22 01:13:05
1111,843,1,2025-06-08 01:13:05
1112,408,1,2025-06-15 01:13:05
1113,218,3,2025-05-23 01:13:05
1114,53,3,2025-04-16 01:13:05
1115,54,2,2025-05-22 01:13:05
1116,886,1,2025-05-06 01:13:05
1117,332,2,2025-04-22 01:13:05
1118,822,1,2025-05-19 01:13:05
1119,844,3,2025-06-04 01:13:05
1120,181,1,2025-04-27 01:13:05
1121,825,1,2025-05-30 01:13:05
1122,765,2,2025-05-13 01:13:05
1123,647,2,2025-06-12 01:13:05
1124,732,2,2025-04-21 01:13:05
1125,989,2,2025-05-24 01:13:05
1126,186,2,2025-05-02 01:13:05
1127,373,3,2025-06-13 01:13:05
1128,259,2,2025-05-02 01:13:05
1129,923,1,2025-05-17 01:13:05
1130,357,1,2025-05-05 01:13:05
1131,392,1,2025-05-04 01:13:05
1132,658,2,2025-05-05 01:13:05
1133,37,1,2025-05-03 01:13:05
1134,380,2,2025-05-30 01:13:05
1135,11,1,2025-05-16 01:13:05
1136,991,2,2025-05-08 01:13:05
1137,443,1,2025-06-09 01:13:05
1138,355,1,2025-05-16 01:13:05
1139,770,2,2025-05-28 01:13:05
1140,183,3,2025-05-31 01:13:05
1141,871,3,2025-06-12 01:13:05
1142,104,2,2025-05-01 01:13:05
1143,119,2,2025-04-30 01:13:05
1144,381,2,2025-06-06 01:13:05
1145,296,3,2025-05-23 01:13:05
1146,380,1,2025-04-17 01:13:05
1147,384,1,2025-04-27 01:13:05
1148,93,3,2025-05-17 01:13:05
1149,86,2,2025-05-04 01:13:05
1150,539,2,2025-05-09 01:13:05
1151,772,1,2025-05-11 01:13:05
1152,962,2,2025-06-13 01:13:05
1153,749,2,2025-06-01 01:13:05
1154,899,1,2025-05-07 01:13:05
1155,219,2,2025-06-10 01:13:05
1156,371,1,2025-06-07 01:13:05
1157,719,2,2025-06-06 01:13:05
1158,948,2,2025-05-07 01:13:05
1159,365,1,2025-06-12 01:13:05
1160,232,3,2025-06-09 01:13:05
1161,233,2,2025-04-22 01:13:05
1162,419,1,2025-04-28 01:13:05
1163,641,3,2025-04-19 01:13:05
1164,847,1,2025-04-17 01:13:05
1165,314,1,2025-05-15 01:13:05
1166,498,3,2025-05-03 01:13:05
1167,142,2,2025-05-31 01:13:05
1168,484,1,2025-05-13 01:13:05
1169,653,2,2025-04-22 01:13:05
1170,963,1,2025-06-10 01:13:05
1171,10,1,2025-04-30 01:13:05
1172,299,1,2025-05-07 01:13:05
1173,701,1,2025-05-02 01:13:05
1174,226,1,2025-05-07 01:13:05
1175,679,2,2025-05-24 01:13:05
1176,459,1,2025-05-22 01:13:05
1177,179,2,2025-05-27 01:13:05
1178,163,1,2025-05-06 01:13:05
1179,218,2,2025-05-14 01:13:05
1180,694,1,2025-06-04 01:13:05
1181,339,1,2025-05-03 01:13:05
1182,859,3,2025-05-23 01:13:05
1183,523,1,2025-04-25 01:13:05
1184,814,2,2025-06-14 01:13:05
1185,569,1,2025-04-19 01:13:05
1186,400,2,2025-04-24 01:13:05
1187,322,2,2025-05-22 01:13:05
1188,939,3,2025-05-15 01:13:05
1189,824,1,2025-05-21 01:13:05
1190,960,2,2025-05-24 01:13:05
1191,838,1,2025-05-21 01:13:05
1192,734,1,2025-06-01 01:13:05
1193,989,1,2025-04-19 01:13:05
1194,110,2,2025-05-13 01:13:05
1195,325,1,2025-05-25 01:13:05
1196,544,2,2025-05-28 01:13:05
1197,216,2,2025-04-17 01:13:05
1198,944,1,2025-06-07 01:13:05
1199,589,2,2025-04-22 01:13:05
1200,697,2,2025-05-11 01:13:05
1201,810,2,2025-05-06 01:13:05
1202,840,1,2025-05-30 01:13:05
1203,273,1,2025-05-08 01:13:05
1204,154,2,2025-06-02 01:13:05
1205,42,1,2025-05-17 01:13:05
1206,186,2,2025-04-24 01:13:05
1207,529,2,2025-04-25 01:13:05
1208,980,2,2025-06-10 01:13:05
1209,818,1,2025-06-07 01:13:05
1210,97,2,2025-04-27 01:13:05
1211,684,2,2025-05-28 01:13:05
1212,352,2,2025-04-30 01:13:05
1213,723,1,2025-06-10 01:13:05
1214,10,1,2025-05-19 01:13:05
1215,202,1,2025-04-29 01:13:05
1216,140,2,2025-05-14 01:13:05
1217,709,2,2025-05-09 01:13:05
1218,498,2,2025-05-23 01:13:05
1219,231,1,2025-05-15 01:13:05
1220,553,2,2025-05-31 01:13:05
1221,858,2,2025-04-17 01:13:05
1222,677,2,2025-06-05 01:13:05
1223,215,2,2025-06-01 01:13:05
1224,638,1,2025-06-11 01:13:05
1225,177,2,2025-04-19 01:13:05
1226,671,1,2025-04-17 01:13:05
1227,190,2,2025-05-21 01:13:05
1228,745,2,2025-04-23 01:13:05
1229,228,2,2025-06-14 01:13:05
1230,891,2,2025-06-06 01:13:05
1231,894,2,2025-04-19 01:13:05
1232,495,2,2025-05-28 01:13:05
1233,777,2,2025-04-21 01:13:05
1234,981,1,2025-05-15 01:13:05
1235,182,2,2025-05-07 01:13:05
1236,944,2,2025-05-15 01:13:05
1237,55,2,2025-06-13 01:13:05
1238,650,2,2025-04-30 01:13:05
1239,604,2,2025-05-09 01:13:05
1240,779,2,2025-04-20 01:13:05
1241,167,2,2025-06-08 01:13:05
1242,530,2,2025-05-05 01:13:05
1243,725,2,2025-05-28 01:13:05
1244,55,2,2025-05-26 01:13:05
1245,368,2,2025-05-24 01:13:05
1246,475,3,2025-04-22 01:13:05
1247,624,2,2025-05-30 01:13:05
1248,169,1,2025-06-03 01:13:05
1249,218,2,2025-05-21 01:13:05
1250,316,2,2025-05-26 01:13:05
1251,27,2,2025-05-11 01:13:05
1252,60,2,2025-05-25 01:13:05
1253,350,2,2025-05-25 01:13:05
1254,676,2,2025-05-08 01:13:05
1255,483,2,2025-04-17 01:13:05
1256,757,2,2025-05-27 01:13:05
1257,55,2,2025-06-09 01:13:05
1258,237,2,2025-05-14 01:13:05
1259,322,2,2025-06-15 01:13:05
1260,726,2,2025-06-09 01:13:05
1261,517,2,2025-05-28 01:13:05
1262,172,2,2025-04-23 01:13:05
1263,821,1,2025-06-07 01:13:05
1264,901,1,2025-05-22 01:13:05
1265,355,1,2025-05-20 01:13:05
1266,731,2,2025-06-09 01:13:05
1267,452,2,2025-05-20 01:13:05
1268,292,2,2025-04-18 01:13:05
1269,289,2,2025-05-24 01:13:05
1270,658,2,2025-05-14 01:13:05
1271,799,2,2025-05-09 01:13:05
1272,856,1,2025-05-06 01:13:05
1273,232,1,2025-05-01 01:13:05
1274,741,2,2025-05-22 01:13:05
1275,710,1,2025-04-20 01:13:05
1276,668,1,2025-06-09 01:13:05
1277,222,2,2025-04-20 01:13:05
1278,301,3,2025-06-14 01:13:05
1279,476,2,2025-04-22 01:13:05
1280,23,1,2025-05-28 01:13:05
1281,835,1,2025-06-05 01:13:05
1282,854,2,2025-06-05 01:13:05
1283,999,2,2025-04-28 01:13:05
1284,718,2,2025-05-20 01:13:05
1285,986,1,2025-04-16 01:13:05
1286,848,2,2025-05-14 01:13:05
1287,528,2,2025-05-05 01:13:05
1288,935,3,2025-06-14 01:13:05
1289,410,1,2025-04-18 01:13:05
1290,596,1,2025-05-12 01:13:05
1291,924,2,2025-04-21 01:13:05
1292,544,2,2025-06-12 01:13:05
1293,295,1,2025-04-22 01:13:05
1294,137,1,2025-05-03 01:13:05
1295,451,1,2025-06-03 01:13:05
1296,625,3,2025-05-14 01:13:05
1297,516,2,2025-05-11 01:13:05
1298,642,1,2025-05-12 01:13:05
1299,99,2,2025-04-29 01:13:05
1300,545,3,2025-04-28 01:13:05
1301,930,3,2025-06-03 01:13:05
1302,351,1,2025-05-17 01:13:05
1303,964,2,2025-05-01 01:13:05
1304,943,2,2025-05-16 01:13:05
1305,450,2,2025-05-17 01:13:05
1306,783,1,2025-04-24 01:13:05
1307,91,2,2025-06-06 01:13:05
1308,150,2,2025-04-23 01:13:05
1309,650,1,2025-06-11 01:13:05
1310,827,2,2025-05-26 01:13:05
1311,66,2,2025-04-19 01:13:05
1312,472,2,2025-05-27 01:13:05
1313,103,2,2025-05-19 01:13:05
1314,149,1,2025-05-23 01:13:05
1315,162,2,2025-05-24 01:13:05
1316,239,2,2025-05-13 01:13:05
1317,939,1,2025-05-31 01:13:05
1318,932,3,2025-04-18 01:13:05
1319,833,1,2025-04-28 01:13:05
1320,132,2,2025-04-24 01:13:05
1321,588,1,2025-05-18 01:13:05
1322,195,3,2025-05-17 01:13:05
1323,271,3,2025-05-03 01:13:05
1324,872,1,2025-04-21 01:13:05
1325,652,1,2025-05-15 01:13:05
1326,792,2,2025-05-19 01:13:05
1327,918,1,2025-05-31 01:13:05
1328,298,3,2025-06-06 01:13:05
1329,350,2,2025-06-01 01:13:05
1330,872,2,2025-06-09 01:13:05
1331,527,1,2025-06-06 01:13:05
1332,974,2,2025-06-09 01:13:05
1333,77,2,2025-04-28 01:13:05
1334,391,2,2025-05-31 01:13:05
1335,10,2,2025-05-04 01:13:05
1336,446,3,2025-06-15 01:13:05
1337,364,1,2025-06-12 01:13:05
1338,100,2,2025-05-21 01:13:05
1339,727,1,2025-04-27 01:13:05
1340,823,2,2025-05-16 01:13:05
1341,14,2,2025-05-23 01:13:05
1342,827,1,2025-04-30 01:13:05
1343,11,1,2025-04-16 01:13:05
1344,3,2,2025-05-30 01:13:05
1345,151,2,2025-05-13 01:13:05
1346,669,1,2025-05-31 01:13:05
1347,433,2,2025-05-11 01:13:05
1348,10,2,2025-06-10 01:13:05
1349,291,1,2025-06-13 01:13:05
1350,416,1,2025-05-03 01:13:05
1351,315,1,2025-06-13 01:13:05
1352,633,2,2025-04-19 01:13:05
1353,923,3,2025-05-27 01:13:05
1354,493,2,2025-05-23 01:13:05
1355,256,1,2025-06-15 01:13:05
1356,901,2,2025-05-09 01:13:05
1357,2,2,2025-05-01 01:13:05
1358,373,2,2025-04-19 01:13:05
1359,380,1,2025-04-26 01:13:05
1360,635,2,2025-05-05 01:13:05
1361,976,2,2025-05-19 01:13:05
1362,635,1,2025-06-12 01:13:05
1363,45,2,2025-06-02 01:13:05
1364,587,2,2025-05-13 01:13:05
1365,978,1,2025-04-16 01:13:05
1366,837,2,2025-06-03 01:13:05
1367,673,1,2025-05-12 01:13:05
1368,95,2,2025-05-31 01:13:05
1369,170,2,2025-06-14 01:13:05
1370,934,2,2025-05-15 01:13:05
1371,857,2,2025-04-27 01:13:05
1372,670,2,2025-04-23 01:13:05
1373,801,2,2025-05-29 01:13:05
1374,895,2,2025-06-13 01:13:05
1375,41,2,2025-05-28 01:13:05
1376,684,2,2025-05-07 01:13:05
1377,501,2,2025-05-02 01:13:05
1378,431,1,2025-06-04 01:13:05
1379,518,2,2025-06-10 01:13:05
1380,407,2,2025-04-29 01:13:05
1381,667,1,2025-05-03 01:13:05
1382,870,2,2025-05-22 01:13:05
1383,366,2,2025-04-23 01:13:05
1384,772,1,2025-05-08 01:13:05
1385,371,1,2025-06-09 01:13:05
1386,345,3,2025-05-01 01:13:05
1387,718,2,2025-04-28 01:13:05
1388,154,2,2025-06-09 01:13:05
1389,460,2,2025-04-28 01:13:05
1390,245,1,2025-05-30 01:13:05
1391,177,2,2025-05-03 01:13:05
1392,977,2,2025-06-05 01:13:05
1393,768,2,2025-04-29 01:13:05
1394,630,1,2025-06-02 01:13:05
1395,952,2,2025-05-07 01:13:05
1396,176,2,2025-06-06 01:13:05
1397,563,2,2025-05-08 01:13:05
1398,139,2,2025-05-01 01:13:05
1399,384,2,2025-04-30 01:13:05
1400,791,1,2025-05-30 01:13:05
1401,922,2,2025-05-29 01:13:05
1402,99,2,2025-06-13 01:13:05
1403,311,2,2025-06-12 01:13:05
1404,727,2,2025-05-06 01:13:05
1405,8,3,2025-05-17 01:13:05
1406,190,1,2025-05-24 01:13:05
1407,610,1,2025-04-28 01:13:05
1408,224,1,2025-05-28 01:13:05
1409,454,2,2025-04-17 01:13:05
1410,336,1,2025-06-09 01:13:05
1411,900,2,2025-05-05 01:13:05
1412,412,2,2025-05-16 01:13:05
1413,878,2,2025-04-24 01:13:05
1414,648,2,2025-05-17 01:13:05
1415,934,2,2025-05-26 01:13:05
1416,999,2,2025-04-28 01:13:05
1417,87,1,2025-05-20 01:13:05
1418,800,2,2025-06-08 01:13:05
1419,474,1,2025-05-27 01:13:05
1420,380,2,2025-04-27 01:13:05
1421,778,2,2025-05-13 01:13:05
1422,30,2,2025-05-06 01:13:05
1423,562,2,2025-05-09 01:13:05
1424,186,2,2025-06-13 01:13:05
1425,281,2,2025-06-11 01:13:05
1426,413,1,2025-04-17 01:13:05
1427,363,2,2025-05-14 01:13:05
1428,714,1,2025-05-09 01:13:05
1429,733,1,2025-06-07 01:13:05
1430,452,2,2025-05-30 01:13:05
1431,233,2,2025-04-21 01:13:05
1432,810,2,2025-06-03 01:13:05
1433,225,2,2025-05-31 01:13:05
1434,8,2,2025-04-18 01:13:05
1435,298,2,2025-05-29 01:13:05
1436,627,2,2025-05-07 01:13:05
1437,158,2,2025-05-13 01:13:05
1438,952,1,2025-06-14 01:13:05
1439,928,2,2025-05-14 01:13:05
1440,74,2,2025-04-17 01:13:05
1441,372,1,2025-06-04 01:13:05
1442,362,2,2025-04-16 01:13:05
1443,811,2,2025-04-16 01:13:05
1444,400,2,2025-04-23 01:13:05
1445,272,2,2025-05-20 01:13:05
1446,799,2,2025-06-03 01:13:05
1447,285,2,2025-04-30 01:13:05
1448,732,2,2025-05-04 01:13:05
1449,699,1,2025-06-04 01:13:05
1450,688,1,2025-04-25 01:13:05
1451,148,2,2025-05-04 01:13:05
1452,922,2,2025-06-05 01:13:05
1453,501,1,2025-05-05 01:13:05
1454,96,1,2025-05-08 01:13:05
1455,93,1,2025-05-10 01:13:05
1456,241,2,2025-05-01 01:13:05
1457,186,2,2025-06-11 01:13:05
1458,153,2,2025-06-03 01:13:05
1459,156,1,2025-05-20 01:13:05
1460,44,1,2025-06-08 01:13:05
1461,159,1,2025-05-30 01:13:05
1462,905,2,2025-04-29 01:13:05
1463,899,2,2025-05-08 01:13:05
1464,796,2,2025-06-09 01:13:05
1465,916,2,2025-06-05 01:13:05
1466,992,2,2025-04-23 01:13:05
1467,134,2,2025-06-02 01:13:05
1468,625,2,2025-06-13 01:13:05
1469,424,2,2025-05-07 01:13:05
1470,986,2,2025-06-14 01:13:05
1471,623,3,2025-04-29 01:13:05
1472,1,2,2025-06-02 01:13:05
1473,733,2,2025-05-23 01:13:05
1474,727,2,2025-05-02 01:13:05
1475,454,1,2025-04-27 01:13:05
1476,514,2,2025-05-04 01:13:05
1477,156,1,2025-06-03 01:13:05
1478,585,3,2025-05-15 01:13:05
1479,442,2,2025-04-17 01:13:05
1480,706,2,2025-05-01 01:13:05
1481,31,2,2025-05-16 01:13:05
1482,506,3,2025-04-29 01:13:05
1483,605,2,2025-06-13 01:13:05
1484,766,1,2025-04-29 01:13:05
1485,960,2,2025-05-02 01:13:05
1486,202,1,2025-04-23 01:13:05
1487,847,1,2025-04-18 01:13:05
1488,875,2,2025-04-20 01:13:05
1489,186,2,2025-06-02 01:13:05
1490,751,2,2025-06-15 01:13:05
1491,619,2,2025-05-12 01:13:05
1492,592,1,2025-05-04 01:13:05
1493,1,2,2025-04-20 01:13:05
1494,88,2,2025-05-11 01:13:05
1495,307,1,2025-06-12 01:13:05
1496,779,3,2025-05-22 01:13:05
1497,178,2,2025-05-09 01:13:05
1498,956,1,2025-05-26 01:13:05
1499,730,2,2025-05-23 01:13:05
1500,119,2,2025-05-06 01:13:05
1501,362,2,2025-06-08 01:13:05
1502,494,2,2025-05-10 01:13:05
1503,837,2,2025-05-17 01:13:05
1504,255,2,2025-06-05 01:13:05
1505,903,2,2025-04-23 01:13:05
1506,489,1,2025-06-05 01:13:05
1507,719,2,2025-04-27 01:13:05
1508,191,2,2025-06-02 01:13:05
1509,638,1,2025-06-10 01:13:05
1510,111,2,2025-05-14 01:13:05
1511,225,2,2025-05-30 01:13:05
1512,921,1,2025-05-23 01:13:05
1513,401,2,2025-05-04 01:13:05
1514,412,2,2025-05-27 01:13:05
1515,979,1,2025-06-09 01:13:05
1516,20,2,2025-05-30 01:13:05
1517,408,2,2025-05-19 01:13:05
1518,811,2,2025-06-07 01:13:05
1519,729,2,2025-05-13 01:13:05
1520,406,2,2025-05-23 01:13:05
1521,63,2,2025-05-05 01:13:05
1522,210,1,2025-06-02 01:13:05
1523,256,2,2025-06-06 01:13:05
1524,360,3,2025-05-05 01:13:05
1525,425,2,2025-04-27 01:13:05
1526,827,2,2025-05-23 01:13:05
1527,669,2,2025-05-01 01:13:05
1528,502,1,2025-05-07 01:13:05
1529,168,1,2025-05-25 01:13:05
1530,37,2,2025-05-07 01:13:05
1531,792,2,2025-05-27 01:13:05
1532,466,2,2025-04-17 01:13:05
1533,901,2,2025-06-14 01:13:05
1534,656,2,2025-06-01 01:13:05
1535,933,2,2025-05-04 01:13:05
1536,593,2,2025-05-14 01:13:05
1537,24,2,2025-05-22 01:13:05
1538,514,2,2025-05-06 01:13:05
1539,489,1,2025-04-30 01:13:05
1540,335,3,2025-04-18 01:13:05
1541,95,2,2025-06-05 01:13:05
1542,326,2,2025-05-25 01:13:05
1543,226,1,2025-04-28 01:13:05
1544,962,3,2025-04-25 01:13:05
1545,494,1,2025-05-13 01:13:05
1546,213,2,2025-06-15 01:13:05
1547,154,2,2025-06-04 01:13:05
1548,876,1,2025-04-24 01:13:05
1549,849,2,2025-06-04 01:13:05
1550,455,2,2025-04-20 01:13:05
1551,803,2,2025-04-29 01:13:05
1552,889,1,2025-06-04 01:13:05
1553,227,2,2025-04-29 01:13:05
1554,388,2,2025-05-28 01:13:05
1555,195,1,2025-06-04 01:13:05
1556,244,1,2025-06-01 01:13:05
1557,989,1,2025-06-08 01:13:05
1558,996,1,2025-05-04 01:13:05
1559,674,1,2025-04-21 01:13:05
1560,412,2,2025-06-02 01:13:05
1561,84,1,2025-06-07 01:13:05
1562,773,2,2025-06-10 01:13:05
1563,252,2,2025-05-17 01:13:05
1564,438,3,2025-05-12 01:13:05
1565,194,1,2025-05-18 01:13:05
1566,237,3,2025-04-22 01:13:05
1567,456,3,2025-04-23 01:13:05
1568,146,2,2025-06-13 01:13:05
1569,103,3,2025-05-30 01:13:05
1570,902,1,2025-06-06 01:13:05
1571,10,2,2025-05-05 01:13:05
1572,472,3,2025-05-31 01:13:05
1573,886,2,2025-05-10 01:13:05
1574,876,1,2025-05-24 01:13:05
1575,383,1,2025-06-01 01:13:05
1576,304,3,2025-05-04 01:13:05
1577,410,2,2025-06-13 01:13:05
1578,305,1,2025-04-27 01:13:05
1579,909,1,2025-06-11 01:13:05
1580,582,1,2025-05-09 01:13:05
1581,123,2,2025-04-19 01:13:05
1582,366,2,2025-06-03 01:13:05
1583,307,2,2025-05-21 01:13:05
1584,120,2,2025-05-17 01:13:05
1585,735,2,2025-06-09 01:13:05
1586,150,2,2025-05-02 01:13:05
1587,266,2,2025-04-22 01:13:05
1588,881,2,2025-06-14 01:13:05
1589,892,2,2025-05-06 01:13:05
1590,693,2,2025-04-29 01:13:05
1591,585,1,2025-05-04 01:13:05
1592,98,2,2025-04-22 01:13:05
1593,64,2,2025-06-10 01:13:05
1594,972,2,2025-05-19 01:13:05
1595,777,2,2025-06-08 01:13:05
1596,948,1,2025-05-22 01:13:05
1597,326,2,2025-05-28 01:13:05
1598,963,3,2025-04-20 01:13:05
1599,48,1,2025-05-24 01:13:05
1600,226,2,2025-05-21 01:13:05
1601,401,2,2025-06-10 01:13:05
1602,482,1,2025-04-21 01:13:05
1603,43,1,2025-05-12 01:13:05
1604,22,1,2025-05-29 01:13:05
1605,633,2,2025-06-06 01:13:05
1606,984,2,2025-05-26 01:13:05
1607,54,2,2025-05-01 01:13:05
1608,520,1,2025-05-15 01:13:05
1609,130,2,2025-04-17 01:13:05
1610,445,1,2025-05-08 01:13:05
1611,976,1,2025-04-30 01:13:05
1612,957,2,2025-05-05 01:13:05
1613,835,3,2025-04-16 01:13:05
1614,663,1,2025-05-18 01:13:05
1615,346,1,2025-04-21 01:13:05
1616,655,2,2025-04-27 01:13:05
1617,821,2,2025-05-13 01:13:05
1618,593,1,2025-05-27 01:13:05
1619,750,3,2025-05-16 01:13:05
1620,187,3,2025-05-05 01:13:05
1621,805,2,2025-04-27 01:13:05
1622,818,1,2025-05-14 01:13:05
1623,624,2,2025-04-28 01:13:05
1624,800,2,2025-04-18 01:13:05
1625,644,1,2025-06-06 01:13:05
1626,366,2,2025-04-19 01:13:05
1627,914,2,2025-05-24 01:13:05
1628,427,2,2025-05-25 01:13:05
1629,335,1,2025-05-30 01:13:05
1630,645,2,2025-06-05 01:13:05
1631,10,2,2025-06-04 01:13:05
1632,127,2,2025-04-26 01:13:05
1633,574,1,2025-06-03 01:13:05
1634,448,3,2025-06-12 01:13:05
1635,909,2,2025-06-06 01:13:05
1636,544,2,2025-05-07 01:13:05
1637,983,1,2025-05-22 01:13:05
1638,95,1,2025-04-27 01:13:05
1639,334,1,2025-05-23 01:13:05
1640,634,2,2025-05-21 01:13:05
1641,883,2,2025-04-18 01:13:05
1642,538,3,2025-06-14 01:13:05
1643,976,3,2025-06-13 01:13:05
1644,866,2,2025-05-06 01:13:05
1645,472,2,2025-05-31 01:13:05
1646,715,1,2025-04-30 01:13:05
1647,982,2,2025-06-01 01:13:05
1648,254,2,2025-05-29 01:13:05
1649,428,2,2025-04-19 01:13:05
1650,927,2,2025-05-21 01:13:05
1651,494,2,2025-05-28 01:13:05
1652,287,3,2025-06-11 01:13:05
1653,657,2,2025-04-24 01:13:05
1654,114,2,2025-04-17 01:13:05
1655,224,2,2025-05-10 01:13:05
1656,714,1,2025-06-06 01:13:05
1657,91,2,2025-06-10 01:13:05
1658,97,1,2025-04-18 01:13:05
1659,496,2,2025-05-12 01:13:05
1660,442,1,2025-05-15 01:13:05
1661,295,1,2025-05-18 01:13:05
1662,770,2,2025-05-29 01:13:05
1663,373,2,2025-04-23 01:13:05
1664,458,2,2025-05-06 01:13:05
1665,41,3,2025-05-05 01:13:05
1666,542,1,2025-05-15 01:13:05
1667,20,2,2025-05-26 01:13:05
1668,282,2,2025-05-28 01:13:05
1669,992,1,2025-06-11 01:13:05
1670,285,1,2025-06-01 01:13:05
1671,955,1,2025-06-05 01:13:05
1672,259,2,2025-06-02 01:13:05
1673,118,1,2025-06-12 01:13:05
1674,157,1,2025-04-27 01:13:05
1675,402,1,2025-06-11 01:13:05
1676,716,2,2025-04-30 01:13:05
1677,231,2,2025-05-20 01:13:05
1678,304,2,2025-05-12 01:13:05
1679,768,1,2025-06-12 01:13:05
1680,264,1,2025-05-19 01:13:05
1681,77,2,2025-04-25 01:13:05
1682,966,2,2025-04-23 01:13:05
1683,718,2,2025-04-18 01:13:05
1684,737,1,2025-06-04 01:13:05
1685,468,1,2025-05-07 01:13:05
1686,573,1,2025-05-23 01:13:05
1687,146,2,2025-05-23 01:13:05
1688,233,1,2025-05-10 01:13:05
1689,646,2,2025-05-15 01:13:05
1690,672,2,2025-06-05 01:13:05
1691,212,1,2025-05-30 01:13:05
1692,476,2,2025-06-05 01:13:05
1693,552,3,2025-06-12 01:13:05
1694,136,2,2025-05-15 01:13:05
1695,223,2,2025-06-02 01:13:05
1696,655,2,2025-05-09 01:13:05
1697,763,2,2025-05-19 01:13:05
1698,548,2,2025-05-19 01:13:05
1699,123,1,2025-05-27 01:13:05
1700,833,2,2025-05-20 01:13:05
1701,727,1,2025-05-02 01:13:05
1702,270,2,2025-06-06 01:13:05
1703,980,2,2025-05-24 01:13:05
1704,871,2,2025-05-14 01:13:05
1705,166,2,2025-04-23 01:13:05
1706,144,2,2025-04-22 01:13:05
1707,126,2,2025-05-10 01:13:05
1708,287,2,2025-04-24 01:13:05
1709,856,2,2025-06-07 01:13:05
1710,109,2,2025-06-09 01:13:05
1711,408,1,2025-05-23 01:13:05
1712,490,2,2025-05-27 01:13:05
1713,770,2,2025-06-13 01:13:05
1714,227,2,2025-05-26 01:13:05
1715,244,2,2025-06-01 01:13:05
1716,13,1,2025-06-01 01:13:05
1717,447,1,2025-05-05 01:13:05
1718,671,2,2025-06-14 01:13:05
1719,385,2,2025-05-11 01:13:05
1720,410,2,2025-05-03 01:13:05
1721,588,3,2025-05-01 01:13:05
1722,775,3,2025-05-21 01:13:05
1723,768,2,2025-05-19 01:13:05
1724,809,1,2025-06-06 01:13:05
1725,519,1,2025-05-16 01:13:05
1726,583,2,2025-04-16 01:13:05
1727,253,1,2025-05-31 01:13:05
1728,49,2,2025-05-11 01:13:05
1729,530,2,2025-05-17 01:13:05
1730,206,2,2025-04-26 01:13:05
1731,350,3,2025-06-01 01:13:05
1732,78,1,2025-04-28 01:13:05
1733,826,2,2025-04-21 01:13:05
1734,65,2,2025-05-10 01:13:05
1735,707,1,2025-04-29 01:13:05
1736,702,2,2025-05-21 01:13:05
1737,846,1,2025-05-31 01:13:05
1738,603,2,2025-04-17 01:13:05
1739,659,2,2025-05-08 01:13:05
1740,967,1,2025-06-09 01:13:05
1741,127,1,2025-06-01 01:13:05
1742,542,2,2025-06-08 01:13:05
1743,165,3,2025-04-25 01:13:05
1744,903,1,2025-05-05 01:13:05
1745,491,2,2025-04-22 01:13:05
1746,569,2,2025-04-26 01:13:05
1747,965,2,2025-05-06 01:13:05
1748,615,2,2025-05-23 01:13:05
1749,288,1,2025-04-21 01:13:05
1750,786,2,2025-05-20 01:13:05
1751,998,2,2025-06-08 01:13:05
1752,866,1,2025-04-26 01:13:05
1753,817,1,2025-06-03 01:13:05
1754,979,2,2025-06-14 01:13:05
1755,201,2,2025-05-30 01:13:05
1756,769,1,2025-05-11 01:13:05
1757,95,3,2025-04-23 01:13:05
1758,292,2,2025-05-21 01:13:05
1759,32,3,2025-05-22 01:13:05
1760,687,2,2025-04-26 01:13:05
1761,82,2,2025-04-21 01:13:05
1762,156,1,2025-04-17 01:13:05
1763,179,1,2025-06-14 01:13:05
1764,306,1,2025-05-02 01:13:05
1765,539,1,2025-06-14 01:13:05
1766,978,2,2025-06-10 01:13:05
1767,218,1,2025-05-14 01:13:05
1768,369,2,2025-04-24 01:13:05
1769,342,2,2025-05-14 01:13:05
1770,211,3,2025-05-19 01:13:05
1771,810,3,2025-04-28 01:13:05
1772,622,1,2025-05-10 01:13:05
1773,139,2,2025-06-01 01:13:05
1774,29,2,2025-05-13 01:13:05
1775,653,2,2025-05-04 01:13:05
1776,811,1,2025-04-24 01:13:05
1777,188,1,2025-04-16 01:13:05
1778,954,1,2025-06-02 01:13:05
1779,504,1,2025-06-13 01:13:05
1780,198,1,2025-05-18 01:13:05
1781,851,2,2025-06-06 01:13:05
1782,45,2,2025-05-18 01:13:05
1783,549,2,2025-05-27 01:13:05
1784,47,2,2025-04-24 01:13:05
1785,273,2,2025-04-21 01:13:05
1786,58,2,2025-04-27 01:13:05
1787,962,3,2025-05-17 01:13:05
1788,70,1,2025-06-04 01:13:05
1789,23,2,2025-05-24 01:13:05
1790,597,2,2025-06-07 01:13:05
1791,130,2,2025-06-12 01:13:05
1792,327,2,2025-05-16 01:13:05
1793,526,2,2025-04-21 01:13:05
1794,715,1,2025-05-30 01:13:05
1795,708,2,2025-05-31 01:13:05
1796,251,2,2025-04-22 01:13:05
1797,372,1,2025-05-08 01:13:05
1798,172,1,2025-06-09 01:13:05
1799,926,2,2025-05-16 01:13:05
1800,371,2,2025-05-09 01:13:05
1801,26,1,2025-04-22 01:13:05
1802,699,1,2025-06-12 01:13:05
1803,938,2,2025-05-09 01:13:05
1804,523,3,2025-05-20 01:13:05
1805,224,2,2025-05-09 01:13:05
1806,74,2,2025-05-25 01:13:05
1807,50,1,2025-04-17 01:13:05
1808,735,2,2025-05-07 01:13:05
1809,893,2,2025-06-15 01:13:05
1810,521,2,2025-04-16 01:13:05
1811,653,2,2025-05-07 01:13:05
1812,319,1,2025-05-11 01:13:05
1813,763,3,2025-05-12 01:13:05
1814,993,2,2025-05-18 01:13:05
1815,264,3,2025-06-01 01:13:05
1816,819,2,2025-04-23 01:13:05
1817,136,2,2025-05-28 01:13:05
1818,793,2,2025-05-15 01:13:05
1819,212,2,2025-05-27 01:13:05
1820,736,3,2025-05-03 01:13:05
1821,761,2,2025-05-08 01:13:05
1822,902,1,2025-06-14 01:13:05
1823,634,2,2025-05-18 01:13:05
1824,760,3,2025-06-12 01:13:05
1825,940,1,2025-04-18 01:13:05
1826,861,2,2025-05-31 01:13:05
1827,173,2,2025-05-15 01:13:05
1828,51,2,2025-05-24 01:13:05
1829,964,2,2025-05-13 01:13:05
1830,837,2,2025-06-09 01:13:05
1831,926,2,2025-05-20 01:13:05
1832,442,1,2025-06-06 01:13:05
1833,846,1,2025-04-30 01:13:05
1834,966,3,2025-05-01 01:13:05
1835,550,2,2025-05-18 01:13:05
1836,889,1,2025-04-26 01:13:05
1837,742,2,2025-05-11 01:13:05
1838,606,2,2025-05-12 01:13:05
1839,563,2,2025-05-17 01:13:05
1840,287,2,2025-05-28 01:13:05
1841,584,2,2025-06-02 01:13:05
1842,436,2,2025-04-17 01:13:05
1843,96,2,2025-05-07 01:13:05
1844,227,1,2025-05-05 01:13:05
1845,933,2,2025-05-07 01:13:05
1846,819,2,2025-04-20 01:13:05
1847,878,2,2025-04-23 01:13:05
1848,507,2,2025-04-17 01:13:05
1849,651,1,2025-06-07 01:13:05
1850,428,2,2025-05-02 01:13:05
1851,894,2,2025-06-10 01:13:05
1852,575,3,2025-06-02 01:13:05
1853,656,1,2025-05-11 01:13:05
1854,520,2,2025-06-11 01:13:05
1855,915,1,2025-05-06 01:13:05
1856,384,3,2025-04-18 01:13:05
1857,949,1,2025-06-11 01:13:05
1858,97,1,2025-06-10 01:13:05
1859,965,1,2025-05-29 01:13:05
1860,324,2,2025-05-14 01:13:05
1861,973,2,2025-04-21 01:13:05
1862,877,2,2025-05-24 01:13:05
1863,800,2,2025-05-25 01:13:05
1864,618,2,2025-05-28 01:13:05
1865,438,2,2025-05-24 01:13:05
1866,953,1,2025-04-28 01:13:05
1867,872,2,2025-04-17 01:13:05
1868,866,1,2025-05-04 01:13:05
1869,99,2,2025-06-04 01:13:05
1870,880,2,2025-06-04 01:13:05
1871,232,1,2025-04-21 01:13:05
1872,221,2,2025-04-18 01:13:05
1873,976,2,2025-06-11 01:13:05
1874,403,1,2025-05-26 01:13:05
1875,832,1,2025-05-14 01:13:05
1876,773,2,2025-05-22 01:13:05
1877,525,1,2025-05-20 01:13:05
1878,949,1,2025-06-09 01:13:05
1879,847,2,2025-05-09 01:13:05
1880,517,2,2025-04-23 01:13:05
1881,10,1,2025-04-19 01:13:05
1882,30,1,2025-06-10 01:13:05
1883,696,2,2025-05-01 01:13:05
1884,971,2,2025-05-09 01:13:05
1885,119,2,2025-05-16 01:13:05
1886,736,2,2025-05-21 01:13:05
1887,877,1,2025-05-27 01:13:05
1888,486,1,2025-04-28 01:13:05
1889,66,2,2025-05-31 01:13:05
1890,123,2,2025-06-10 01:13:05
1891,877,2,2025-05-08 01:13:05
1892,47,2,2025-06-03 01:13:05
1893,160,2,2025-05-05 01:13:05
1894,496,2,2025-06-05 01:13:05
1895,49,2,2025-05-05 01:13:05
1896,53,1,2025-04-24 01:13:05
1897,61,1,2025-05-03 01:13:05
1898,749,2,2025-05-24 01:13:05
1899,314,2,2025-05-01 01:13:05
1900,159,2,2025-05-19 01:13:05
1901,160,1,2025-06-06 01:13:05
1902,569,2,2025-05-25 01:13:05
1903,428,1,2025-05-18 01:13:05
1904,450,2,2025-05-25 01:13:05
1905,71,2,2025-04-19 01:13:05
1906,646,2,2025-05-19 01:13:05
1907,270,2,2025-04-29 01:13:05
1908,579,1,2025-06-14 01:13:05
1909,973,1,2025-04-21 01:13:05
1910,453,2,2025-05-30 01:13:05
1911,160,1,2025-06-10 01:13:05
1912,75,2,2025-06-14 01:13:05
1913,636,2,2025-05-09 01:13:05
1914,19,2,2025-05-20 01:13:05
1915,71,2,2025-05-27 01:13:05
1916,2,2,2025-06-03 01:13:05
1917,211,1,2025-04-18 01:13:05
1918,436,2,2025-05-01 01:13:05
1919,859,2,2025-05-02 01:13:05
1920,444,2,2025-05-03 01:13:05
1921,328,3,2025-04-21 01:13:05
1922,261,2,2025-05-09 01:13:05
1923,482,2,2025-04-29 01:13:05
1924,830,2,2025-05-05 01:13:05
1925,448,2,2025-05-13 01:13:05
1926,891,2,2025-04-25 01:13:05
1927,853,2,2025-05-13 01:13:05
1928,63,2,2025-06-08 01:13:05
1929,119,2,2025-04-26 01:13:05
1930,908,3,2025-05-08 01:13:05
1931,346,2,2025-05-02 01:13:05
1932,72,3,2025-06-06 01:13:05
1933,253,1,2025-05-26 01:13:05
1934,663,2,2025-05-04 01:13:05
1935,756,2,2025-05-17 01:13:05
1936,454,2,2025-05-31 01:13:05
1937,671,2,2025-04-19 01:13:05
1938,728,3,2025-05-13 01:13:05
1939,336,2,2025-06-10 01:13:05
1940,495,2,2025-05-28 01:13:05
1941,876,3,2025-04-20 01:13:05
1942,999,2,2025-05-01 01:13:05
1943,821,1,2025-05-25 01:13:05
1944,968,1,2025-06-12 01:13:05
1945,617,2,2025-05-19 01:13:05
1946,752,1,2025-04-17 01:13:05
1947,302,2,2025-05-09 01:13:05
1948,241,3,2025-06-07 01:13:05
1949,56,1,2025-05-04 01:13:05
1950,660,1,2025-06-08 01:13:05
1951,988,1,2025-05-26 01:13:05
1952,905,2,2025-06-05 01:13:05
1953,383,2,2025-04-18 01:13:05
1954,411,1,2025-04-20 01:13:05
1955,234,2,2025-05-15 01:13:05
1956,460,1,2025-04-25 01:13:05
1957,604,2,2025-04-22 01:13:05
1958,594,1,2025-06-10 01:13:05
1959,741,1,2025-05-21 01:13:05
1960,98,2,2025-04-19 01:13:05
1961,363,2,2025-05-06 01:13:05
1962,148,3,2025-05-11 01:13:05
1963,996,2,2025-06-09 01:13:05
1964,868,1,2025-05-07 01:13:05
1965,797,2,2025-05-12 01:13:05
1966,319,2,2025-05-18 01:13:05
1967,935,2,2025-06-08 01:13:05
1968,258,3,2025-05-15 01:13:05
1969,873,2,2025-05-25 01:13:05
1970,591,2,2025-05-20 01:13:05
1971,977,2,2025-04-16 01:13:05
1972,899,2,2025-06-12 01:13:05
1973,517,1,2025-06-12 01:13:05
1974,872,2,2025-06-10 01:13:05
1975,90,1,2025-04-16 01:13:05
1976,904,2,2025-04-23 01:13:05
1977,590,2,2025-06-14 01:13:05
1978,44,2,2025-05-04 01:13:05
1979,883,2,2025-04-26 01:13:05
1980,514,3,2025-06-05 01:13:05
1981,243,3,2025-05-24 01:13:05
1982,359,2,2025-06-10 01:13:05
1983,860,2,2025-06-02 01:13:05
1984,923,2,2025-05-04 01:13:05
1985,68,1,2025-05-23 01:13:05
1986,825,2,2025-05-27 01:13:05
1987,954,2,2025-04-26 01:13:05
1988,291,2,2025-05-17 01:13:05
1989,496,2,2025-04-22 01:13:05
1990,602,2,2025-04-26 01:13:05
1991,151,1,2025-05-16 01:13:05
1992,731,1,2025-06-02 01:13:05
1993,614,2,2025-04-23 01:13:05
1994,326,2,2025-06-04 01:13:05
1995,359,1,2025-06-14 01:13:05
1996,325,1,2025-05-08 01:13:05
1997,986,2,2025-05-17 01:13:05
1998,305,1,2025-06-04 01:13:05
1999,867,3,2025-04-18 01:13:05
2000,709,2,2025-06-04 01:13:05
